Region,League,Year,Dataset,Team,Team_WAR,WAR_per_Game,W,L,GP,W_pct,Players,Projected_Team_WAR,Proj_WAR_per_Game
Korea,LCK,2023,full year (per-game derived),T1,113.25,0.944,74,46,120,0.6167,"Zeus, Oner, Faker, Gumayusi, Keria",106.67,0.889
Korea,LCK,2023,full year (per-game derived),Gen.G,109.65,1.006,81,28,109,0.7431,"Doran, Peanut, Chovy, Peyz, Delight",102.8,0.943
Korea,LCK,2023,full year (per-game derived),KT Rolster,92.01,0.807,79,35,114,0.693,"Kiin, Cuzz, Bdd, Aiming, Lehends",87.07,0.764
Korea,LCK,2023,full year (per-game derived),Dplus Kia,80.03,0.909,52,36,88,0.5909,"Canna, Canyon, ShowMaker, Deft, Kellin",75.07,0.853
Korea,LCK,2023,full year (per-game derived),Hanwha Life Esports,76.44,0.714,59,48,107,0.5514,"Kingen, Grizzly, Zeka, Viper, Life",73.25,0.685
Korea,LCK,2023,full year (per-game derived),Liiv SANDBOX,76.21,0.837,37,54,91,0.4066,"Clear, Willer, Clozer, Teddy, Kael",70.87,0.779
Korea,LCK,2023,full year (per-game derived),HANJIN BRION,27.23,0.306,28,61,89,0.3146,"Morgan, UmTi, Karis, Hena, Effort",28.8,0.324
Korea,LCK,2023,full year (per-game derived),DN SOOPers,17.61,0.212,27,56,83,0.3253,"DuDu, YoungJae, BuLLDoG, Taeyoon, Andil",25.04,0.302
Korea,LCK,2023,full year (per-game derived),DRX,3.61,0.04,28,62,90,0.3111,"Rascal, Croco, FATE, Paduck, BeryL",9.39,0.104
Korea,LCK,2023,full year (per-game derived),Nongshim RedForce,-12.12,-0.143,22,63,85,0.2588,"DnDn, Sylvie, FIESTA, Jiwoo, Peter",-4.82,-0.057
Korea,LCK,2024,full year (per-game derived),Gen.G,147.65,1.433,86,17,103,0.835,"Kiin, Canyon, Chovy, Peyz, Lehends",126.96,1.233
Korea,LCK,2024,full year (per-game derived),Hanwha Life Esports,129.66,1.158,78,34,112,0.6964,"Doran, Peanut, Zeka, Viper, Delight",123.42,1.102
Korea,LCK,2024,full year (per-game derived),T1,129.18,1.133,72,42,114,0.6316,"Zeus, Oner, Faker, Gumayusi, Keria",120.37,1.056
Korea,LCK,2024,full year (per-game derived),KT Rolster,101.06,1.042,50,47,97,0.5155,"PerfecT, Pyosik, Bdd, Deft, BeryL",84.42,0.87
Korea,LCK,2024,full year (per-game derived),Nongshim RedForce,65.17,0.776,27,57,84,0.3214,"Mihile, Sylvie, Fisher, Jiwoo, vital",55.88,0.665
Korea,LCK,2024,full year (per-game derived),DN SOOPers,56.1,0.623,39,51,90,0.4333,"DuDu, Cuzz, BuLLDoG, Leaper, Andil",56.63,0.629
Korea,LCK,2024,full year (per-game derived),BNK FEARX,56.04,0.637,34,54,88,0.3864,"Clear, Raptor, Clozer, Hena, Duro",56.25,0.639
Korea,LCK,2024,full year (per-game derived),Dplus Kia,53.04,0.478,59,52,111,0.5315,"Kingen, Lucid, ShowMaker, Aiming, Moham",58.4,0.526
Korea,LCK,2024,full year (per-game derived),DRX,30.31,0.365,21,62,83,0.253,"Rascal, Sponge, SeTab, Teddy, Pleata",47.16,0.568
Korea,LCK,2024,full year (per-game derived),HANJIN BRION,-5.9,-0.072,16,66,82,0.1951,"Morgan, YoungJae, FATE, Samver, Pollu",12.3,0.15
Korea,LCK,2025,full year (per-game derived),Hanwha Life Esports,120.15,0.993,76,45,121,0.6281,"Zeus, Peanut, Zeka, Viper, Delight",119.83,0.99
Korea,LCK,2025,full year (per-game derived),Gen.G,113.96,0.942,90,31,121,0.7438,"Kiin, Canyon, Chovy, Ruler, Duro",110.67,0.915
Korea,LCK,2025,full year (per-game derived),T1,98.25,0.854,72,43,115,0.6261,"Doran, Oner, Faker, Gumayusi, Keria",100.18,0.871
Korea,LCK,2025,full year (per-game derived),KT Rolster,62.84,0.551,54,60,114,0.4737,"PerfecT, Cuzz, Bdd, deokdam, Peter",57.09,0.501
Korea,LCK,2025,full year (per-game derived),Dplus Kia,59.67,0.455,73,58,131,0.5573,"Siwoo, Lucid, ShowMaker, Aiming, BeryL",65.19,0.498
Korea,LCK,2025,full year (per-game derived),HANJIN BRION,33.28,0.33,39,62,101,0.3861,"Morgan, Croco, Clozer, Hype, Pollu",26.41,0.261
Korea,LCK,2025,full year (per-game derived),Nongshim RedForce,30.9,0.264,46,71,117,0.3932,"Kingen, GIDEON, Calix, Jiwoo, Lehends",29.86,0.255
Korea,LCK,2025,full year (per-game derived),BNK FEARX,24.5,0.233,46,59,105,0.4381,"Clear, Raptor, VicLa, Diable, Kellin",30.0,0.286
Korea,LCK,2025,full year (per-game derived),DRX,9.98,0.103,38,59,97,0.3918,"Rich, Sponge, kyeahoo, Teddy, Andil",12.82,0.132
Korea,LCK,2025,full year (per-game derived),DN SOOPers,-12.84,-0.146,21,67,88,0.2386,"DuDu, Pyosik, BuLLDoG, Berserker, Life",13.49,0.153
Korea,LCK,2026,full year (per-game derived),Gen.G,157.0,2.574,48,13,61,0.7869,"Kiin, Canyon, Chovy, Ruler, Duro",131.37,2.154
Korea,LCK,2026,full year (per-game derived),Hanwha Life Esports,130.25,2.368,35,20,55,0.6364,"Zeus, Kanavi, Zeka, Gumayusi, Delight",121.18,2.203
Korea,LCK,2026,full year (per-game derived),T1,79.92,1.31,42,19,61,0.6885,"Doran, Oner, Faker, Peyz, Keria",95.73,1.569
Korea,LCK,2026,full year (per-game derived),KT Rolster,78.6,1.404,30,26,56,0.5357,"PerfecT, Cuzz, Bdd, Aiming, Effort",84.45,1.508
Korea,LCK,2026,full year (per-game derived),HANJIN BRION,69.07,1.256,22,33,55,0.4,"Casting, GIDEON, Roamer, Teddy, Namgung",59.06,1.074
Korea,LCK,2026,full year (per-game derived),BNK FEARX,64.42,0.92,32,38,70,0.4571,"Clear, Raptor, VicLa, Taeyoon, Kellin",48.98,0.7
Korea,LCK,2026,full year (per-game derived),Dplus Kia,55.67,0.742,40,35,75,0.5333,"Siwoo, Sharvel, ShowMaker, Smash, Career",61.83,0.824
Korea,LCK,2026,full year (per-game derived),DN SOOPers,45.61,0.681,18,49,67,0.2687,"DuDu, Pyosik, Clozer, deokdam, Peter",42.44,0.633
Korea,LCK,2026,full year (per-game derived),Kiwoom DRX,36.26,0.471,31,46,77,0.4026,"Rich, Willer, Ucal, Jiwoo, Andil",32.94,0.428
Korea,LCK,2026,full year (per-game derived),Nongshim RedForce,29.96,0.508,20,39,59,0.339,"Kingen, Sponge, Scout, Diable, Lehends",54.12,0.917
Korea,LCK CL,2023,full year (per-game derived),Nongshim Esports Academy,85.52,0.822,64,40,104,0.6154,"Mihile, Sounda, Callme, vital, Luon",77.17,0.742
Korea,LCK CL,2023,full year (per-game derived),DRX Challengers,80.06,0.708,70,43,113,0.6195,"Frog, Sponge, SeTab, deokdam, Pleata",69.29,0.613
Korea,LCK CL,2023,full year (per-game derived),Dplus Kia Challengers,77.96,0.624,82,43,125,0.656,"Thanatos, Lucid, Pullbae, Rahel, Thumb",75.09,0.601
Korea,LCK CL,2023,full year (per-game derived),DN SOOPers Challengers,71.5,0.872,23,59,82,0.2805,"IlllIma, Pressure, Cleaver, Bull, Moham",43.62,0.532
Korea,LCK CL,2023,full year (per-game derived),Hanwha Life Esports Challengers,58.42,0.567,60,43,103,0.5825,"Rooster, Guwon, Roamer, Lure, Duro",56.46,0.548
Korea,LCK CL,2023,full year (per-game derived),KT Rolster Challengers,49.94,0.504,58,41,99,0.5859,"PerfecT, HamBak, Feisty, Hype, Way",48.97,0.495
Korea,LCK CL,2023,full year (per-game derived),T1 Esports Academy,33.17,0.332,46,54,100,0.46,"Dal, Forest, Poby, Smash, Baut",48.32,0.483
Korea,LCK CL,2023,full year (per-game derived),Liiv SANDBOX Youth,15.8,0.184,28,58,86,0.3256,"DDahyuk, Vincenzo, Guti, Diable, PlanB",18.63,0.217
Korea,LCK CL,2023,full year (per-game derived),HANJIN BRION Challengers,12.1,0.148,27,55,82,0.3293,"Kangin, DDoiV, Ivory, Enosh, Pollu",20.97,0.256
Korea,LCK CL,2023,full year (per-game derived),Gen.G Global Academy,5.79,0.064,34,56,90,0.3778,"Zest, Winner, Ophelia, Pdx, Lospa",10.69,0.119
Korea,LCK CL,2024,full year (per-game derived),BNK FEARX Youth,109.84,1.121,47,51,98,0.4796,"Soboro, Willer, Daystar, Diable, Execute",92.38,0.943
Korea,LCK CL,2024,full year (per-game derived),KT Rolster Challengers,97.38,0.825,83,35,118,0.7034,"Casting, HamBak, Zinie, Hype, Way",86.3,0.731
Korea,LCK CL,2024,full year (per-game derived),Hanwha Life Esports Challengers,81.21,0.766,56,50,106,0.5283,"Rooster, Grizzly, Loki, Lure, Baut",71.99,0.679
Korea,LCK CL,2024,full year (per-game derived),HANJIN BRION Challengers,69.57,0.748,40,53,93,0.4301,"Kangin, DDoiV, Karis, Enosh, Effort",51.58,0.555
Korea,LCK CL,2024,full year (per-game derived),Gen.G Global Academy,62.3,0.7,25,64,89,0.2809,"HorangE, Toye, Starlit, Slayer, Namgung",59.31,0.666
Korea,LCK CL,2024,full year (per-game derived),DN SOOPers Challengers,55.57,0.534,49,55,104,0.4712,"Lancer, Courage, Pungyeon, Bull, Quantum",47.67,0.458
Korea,LCK CL,2024,full year (per-game derived),Dplus Kia Challengers,38.36,0.317,79,42,121,0.6529,"Siwoo, Sharvel, Saint, Wayne, Bible",45.65,0.377
Korea,LCK CL,2024,full year (per-game derived),DRX Challengers,37.24,0.428,36,51,87,0.4138,"Frog, Zephyr, kyeahoo, Paduck, Berr",31.31,0.36
Korea,LCK CL,2024,full year (per-game derived),Nongshim Esports Academy,27.18,0.266,50,52,102,0.4902,"DnDn, Carim, Callme, Lucy, GuGer",30.28,0.297
Korea,LCK CL,2024,full year (per-game derived),T1 Esports Academy,15.99,0.154,46,58,104,0.4423,"Dal, Guwon, Poby, Smash, Rekkles",29.53,0.284
Korea,LCK CL,2025,full year (per-game derived),T1 Esports Academy,90.72,0.72,73,53,126,0.5794,"Haetae, Vincenzo, Guti, Smash, Cloud",83.21,0.66
Korea,LCK CL,2025,full year (per-game derived),DRX Challengers,87.41,0.802,60,49,109,0.5505,"Frog, Juhan, Ucal, LazyFeel, Pleata",80.37,0.737
Korea,LCK CL,2025,full year (per-game derived),Nongshim Esports Academy,77.59,0.776,45,55,100,0.45,"Burdol, Sylvie, Fisher, Trigger, Crack",64.28,0.643
Korea,LCK CL,2025,full year (per-game derived),KT Rolster Challengers,74.8,0.68,78,32,110,0.7091,"Casting, YoungJae, Zinie, Paduck, Way",70.42,0.64
Korea,LCK CL,2025,full year (per-game derived),Hanwha Life Esports Challengers,70.97,0.732,43,54,97,0.4433,"Kangin, Grizzly, Tempester, Pyeonsik, Bluffing",76.09,0.784
Korea,LCK CL,2025,full year (per-game derived),BNK FEARX Youth,70.77,0.524,71,64,135,0.5259,"Soboro, Willer, Daystar, Enosh, Career",74.7,0.553
Korea,LCK CL,2025,full year (per-game derived),DN SOOPers Challengers,55.43,0.462,62,58,120,0.5167,"Lancer, DDoiV, Pungyeon, Slayer, Quantum",56.01,0.467
Korea,LCK CL,2025,full year (per-game derived),Gen.G Global Academy,44.34,0.389,48,66,114,0.4211,"Hanbyeol, Winner, Kemish, About, Namgung",41.76,0.366
Korea,LCK CL,2025,full year (per-game derived),Dplus Kia Challengers,10.73,0.128,33,51,84,0.3929,"Jaehyuk, Sharvel, Garden, Wayne, Berr",13.3,0.158
Korea,LCK CL,2025,full year (per-game derived),HANJIN BRION Challengers,-11.14,-0.125,29,60,89,0.3258,"DDahyuk, Ellim, Starlit, Leo, Kice",27.68,0.311
Korea,LCK CL,2026,full year (per-game derived),T1 Esports Academy,95.17,1.22,51,27,78,0.6538,"Guardian, Painter, Guti, Cypher, Cloud",101.24,1.298
Korea,LCK CL,2026,full year (per-game derived),Nongshim Esports Academy,92.26,1.198,47,30,77,0.6104,"Janus, Mihawk, SeTab, Lucy, Pleata",72.62,0.943
Korea,LCK CL,2026,full year (per-game derived),Dplus Kia Challengers,73.39,1.265,34,24,58,0.5862,"Jaehyuk, Lucid, Garden, Wayne, Loopy",32.33,0.557
Korea,LCK CL,2026,full year (per-game derived),BNK FEARX Youth,54.92,0.858,27,37,64,0.4219,"Kangin, Zephyr, FIESTA, Slayer, Luon",51.07,0.798
Korea,LCK CL,2026,full year (per-game derived),KT Rolster Challengers,45.27,0.656,41,28,69,0.5942,"Sero, Sylvie, Hwichan, FenRir, Pollu",40.5,0.587
Korea,LCK CL,2026,full year (per-game derived),DN SOOPers Challengers,39.47,0.589,39,28,67,0.5821,"Lancer, DDoiV, Flip, Enosh, Quantum",37.41,0.558
Korea,LCK CL,2026,full year (per-game derived),Kiwoom DRX Challengers,-2.38,-0.03,41,38,79,0.519,"Frog, Winner, AKaJe, Jiwoo, Minous",-8.72,-0.11
Korea,LCK CL,2026,full year (per-game derived),HANJIN BRION Challengers,-2.99,-0.05,20,40,60,0.3333,"DDahyuk, Dinai, Tempester, OddEye, PlanB",8.59,0.143
Korea,LCK CL,2026,full year (per-game derived),Hanwha Life Esports Challengers,-16.69,-0.245,27,41,68,0.3971,"Panther, Jackal, Cracker, Pyeonsik, Bluffing",-5.29,-0.078
Korea,LCK CL,2026,full year (per-game derived),Gen.G Global Academy,-90.65,-1.679,10,44,54,0.1852,"Ripple, Courage, MUDAI, Lumos, SIRIUSS",16.74,0.31
Europe,LEC,2023,full year (per-game derived),G2 Esports,133.8,1.761,56,20,76,0.7368,"BrokenBlade, Yike, Caps, Hans Sama, Mikyx",122.8,1.616
Europe,LEC,2023,full year (per-game derived),Team Vitality,100.98,2.244,21,24,45,0.4667,"Photon, Daglas, Perkz, Upset, Kaiser",84.86,1.886
Europe,LEC,2023,full year (per-game derived),MAD Lions KOI,80.34,0.956,43,41,84,0.5119,"Chasy, Elyoya, Nisqy, Carzzy, Hylissang",76.95,0.916
Europe,LEC,2023,full year (per-game derived),Team Heretics,69.5,1.58,19,25,44,0.4318,"Evi, Jankos, Vetheo, Flakked, Mersa",60.71,1.38
Europe,LEC,2023,full year (per-game derived),Astralis,48.79,1.162,17,25,42,0.4048,"Finn, 113, LIDER, Kobbe, Execute",49.91,1.188
Europe,LEC,2023,full year (per-game derived),Excel Esports,47.71,0.918,19,33,52,0.3654,"Odoamne, Peach, Abbedagge, Patrik, LIMIT",48.29,0.929
Europe,LEC,2023,full year (per-game derived),Fnatic,43.24,0.655,34,32,66,0.5152,"Wunder, Razork, Humanoid, Noah, Trymbi",49.48,0.75
Europe,LEC,2023,full year (per-game derived),Team BDS,30.26,0.473,35,29,64,0.5469,"Adam, Sheo, nuc, Crownie, Labrov",33.91,0.53
Europe,LEC,2023,full year (per-game derived),KOI,21.51,0.422,21,30,51,0.4118,"Szygenda, Malrang, Larssen, Comp, Advienne",29.64,0.581
Europe,LEC,2023,full year (per-game derived),SK Gaming,18.38,0.353,23,29,52,0.4423,"Irrelevant, Markoon, Sertuss, 3XA, Doss",24.9,0.479
Europe,LEC,2024,full year (per-game derived),G2 Esports,124.29,1.412,66,22,88,0.75,"BrokenBlade, Yike, Caps, Hans Sama, Mikyx",119.73,1.361
Europe,LEC,2024,full year (per-game derived),Fnatic,98.83,1.163,49,36,85,0.5765,"Oscarinin, Razork, Humanoid, Noah, Jun",90.43,1.064
Europe,LEC,2024,full year (per-game derived),Team Vitality,83.5,1.815,20,26,46,0.4348,"Photon, Lyncas, Vetheo, Carzzy, Hylissang",80.72,1.755
Europe,LEC,2024,full year (per-game derived),MAD Lions KOI,71.52,0.954,33,42,75,0.44,"Myrwn, Elyoya, Fresskowy, Supa, Alvaro",75.15,1.002
Europe,LEC,2024,full year (per-game derived),Team BDS,70.32,0.868,46,35,81,0.5679,"Adam, Sheo, nuc, Ice, Labrov",59.63,0.736
Europe,LEC,2024,full year (per-game derived),SK Gaming,48.75,0.938,25,27,52,0.4808,"Irrelevant, ISMA, Nisqy, Rahel, Luon",50.62,0.973
Europe,LEC,2024,full year (per-game derived),GiantX,29.59,0.616,16,32,48,0.3333,"Th3Antonio, Juhan, Jackies, Patrik, IgNar",44.73,0.932
Europe,LEC,2024,full year (per-game derived),Karmine Corp,6.17,0.158,14,25,39,0.359,"Canna, Closer, Vladi, Upset, Targamas",24.62,0.631
Europe,LEC,2024,full year (per-game derived),Rogue,-6.15,-0.212,7,22,29,0.2414,"Finn, Markoon, Larssen, Comp, Zoelys",19.56,0.674
Europe,LEC,2024,full year (per-game derived),Team Heretics,-37.98,-0.844,18,27,45,0.4,"Wunder, Jankos, Zwyroo, Flakked, Trymbi",-2.19,-0.049
Europe,LEC,2025,full year (per-game derived),Movistar KOI,105.23,1.268,47,36,83,0.5663,"Myrwn, Elyoya, Jojopyun, Supa, Alvaro",96.55,1.163
Europe,LEC,2025,full year (per-game derived),G2 Esports,100.54,1.377,50,23,73,0.6849,"BrokenBlade, SkewMond, Caps, Hans Sama, Labrov",104.0,1.425
Europe,LEC,2025,full year (per-game derived),Fnatic,92.73,1.159,50,30,80,0.625,"Oscarinin, Razork, Poby, Upset, Mikyx",83.2,1.04
Europe,LEC,2025,full year (per-game derived),Team Vitality,92.65,1.853,21,29,50,0.42,"Naak Nako, Lyncas, Czajek, Carzzy, Fleshy",77.4,1.548
Europe,LEC,2025,full year (per-game derived),Karmine Corp,86.01,1.012,53,32,85,0.6235,"Canna, Yike, Vladi, Caliste, Targamas",86.42,1.017
Europe,LEC,2025,full year (per-game derived),Team BDS,68.94,1.379,18,32,50,0.36,"Rooster, Boukada, nuc, Ice, Parus",59.42,1.188
Europe,LEC,2025,full year (per-game derived),GiantX,52.09,0.947,25,30,55,0.4545,"Lot, ISMA, Jackies, Noah, Jun",55.22,1.004
Europe,LEC,2025,full year (per-game derived),Rogue,31.61,1.09,6,23,29,0.2069,"Adam, Trick, Larssen, Patrik, Malrang",57.81,1.993
Europe,LEC,2025,full year (per-game derived),Team Heretics,3.33,0.062,20,34,54,0.3704,"Carlsen, Sheo, Kamiloo, Flakked, Stend",21.24,0.393
Europe,LEC,2025,full year (per-game derived),SK Gaming,-45.51,-1.23,8,29,37,0.2162,"DnDn, Skeanz, Abbedagge, Keduii, Loopy",18.1,0.489
Europe,LEC,2026,full year (per-game derived),G2 Esports,97.83,1.918,36,15,51,0.7059,"BrokenBlade, SkewMond, Caps, Hans Sama, Labrov",94.69,1.857
Europe,LEC,2026,full year (per-game derived),Team Vitality,86.23,2.005,25,18,43,0.5814,"Naak Nako, Lyncas, Humanoid, Carzzy, Fleshy",81.11,1.886
Europe,LEC,2026,full year (per-game derived),Shifters,83.64,2.698,10,21,31,0.3226,"Rooster, Sheo, nuc, Paduck, Trymbi",70.77,2.283
Europe,LEC,2026,full year (per-game derived),Natus Vincere,69.07,1.771,20,19,39,0.5128,"Maynter, Rhilech, Poby, SamD, Parus",64.4,1.651
Europe,LEC,2026,full year (per-game derived),Karmine Corp,63.78,1.139,34,22,56,0.6071,"Canna, Yike, kyeahoo, Caliste, Busio",69.12,1.234
Europe,LEC,2026,full year (per-game derived),Movistar KOI,44.32,0.852,31,21,52,0.5962,"Myrwn, Elyoya, Jojopyun, Supa, Alvaro",67.14,1.291
Europe,LEC,2026,full year (per-game derived),GiantX,28.83,0.686,20,22,42,0.4762,"Lot, ISMA, Jackies, Noah, Jun",39.22,0.934
Europe,LEC,2026,full year (per-game derived),SK Gaming,10.09,0.336,9,21,30,0.3,"Wunder, Skeanz, LIDER, Jopa, Mikyx",22.43,0.748
Europe,LEC,2026,full year (per-game derived),Fnatic,-4.32,-0.12,13,23,36,0.3611,"Empyros, Razork, Vladi, Upset, Lospa",34.17,0.949
Europe,LEC,2026,full year (per-game derived),Team Heretics,-47.09,-1.385,9,25,34,0.2647,"Tracyn, Daglas, Serin, Ice, Way",22.02,0.648
Europe,LES,2023,full year (per-game derived),Movistar KOI,124.71,2.044,40,21,61,0.6557,"Marky, ISMA, Fresskowy, Supa, Alvaro",111.8,1.833
Europe,PRM,2023,full year (per-game derived),Eintracht Spandau,98.12,2.133,27,19,46,0.587,"Pride, Zanzarah, Special, Smiley, Lilipp",85.77,1.865
Europe,LFL,2023,full year (per-game derived),Karmine Corp,95.91,2.23,27,16,43,0.6279,"Cabochard, Cinkrof, SAKEN, Caliste, Targamas",74.88,1.741
Europe,PRM,2023,full year (per-game derived),SK Gaming Prime,91.46,1.694,39,15,54,0.7222,"JNX, Lurox, FEBIVEN, Keduii, Prime",81.81,1.515
Europe,LFL,2023,full year (per-game derived),BK ROG Esports,88.76,1.889,25,22,47,0.5319,"Howling, Pridestalkr, Czekolad, Trigger, Veignorem",76.43,1.626
Europe,LES,2023,full year (per-game derived),Rebels Gaming,85.28,1.938,24,20,44,0.5455,"R4VEN, AHaHaCiK, Dajor, BEAN, Obstinatus",74.26,1.688
Europe,LFL,2023,full year (per-game derived),LDLC OL,72.83,1.694,24,19,43,0.5581,"Kryze, White, Backlund, Jeskla, Zoelys",63.08,1.467
Europe,LES,2023,full year (per-game derived),BISONS ECLUB,72.38,1.573,26,20,46,0.5652,"Myrwn, NoName, Random, Legolas, Oscure",42.16,0.917
Europe,PRM,2023,full year (per-game derived),MOUZ NXT,71.4,1.488,23,25,48,0.4792,"Carlsen, Alexx, Sencux, Kynetic, Tore",64.8,1.35
Europe,LES,2023,full year (per-game derived),Los Heretics,70.92,1.478,29,19,48,0.6042,"iBo, bluerzor, Zwyroo, Jackspektra, marlon",62.85,1.309
Europe,PRM,2023,full year (per-game derived),Unicorns of Love Sexy Edition,68.44,1.16,43,16,59,0.7288,"Venour, CaD, Mask, Fun K3y, Lekcyc",64.38,1.091
Europe,LFL,2023,full year (per-game derived),Team GO,67.79,1.076,38,25,63,0.6032,"Ragner, Lyncas, Toucouille, Jezu, kamilius",61.44,0.975
Europe,LFL,2023,full year (per-game derived),Team BDS Academy,64.47,1.499,19,24,43,0.4419,"Agresivoo, MAXI, RKR, xMatty, Erdote",56.54,1.315
Europe,PRM,2023,full year (per-game derived),NNO Prime,63.45,1.627,9,30,39,0.2308,"Flamer, Agurin, Matislaw, Notiko, Lamabear",35.09,0.9
Europe,LES,2023,full year (per-game derived),Giants,61.1,1.358,23,22,45,0.5111,"Th3Antonio, Xerxe, Decay, Attila, whiteinn",57.72,1.283
Europe,LFL,2023,full year (per-game derived),GameWard,55.56,1.292,20,23,43,0.4651,"Badlulu, Eckas, twohoyrz, Peco, Raxxo",49.58,1.153
Europe,PRM,2023,full year (per-game derived),FC Schalke 04 Esports,49.77,1.131,23,21,44,0.5227,"Sacre, Afroboi, Simpli, Mishi, Seal",47.33,1.076
Europe,LES,2023,full year (per-game derived),Fnatic TQ,49.05,1.168,20,22,42,0.4762,"Doxy, Rabble, Valans, Nafkelah, Kadir",50.35,1.199
Europe,LES,2023,full year (per-game derived),Finetwork KOI,46.23,0.963,21,27,48,0.4375,"Sinmivak, Koldo, Baca, Jopa, Stend",43.33,0.903
Europe,LFL,2023,full year (per-game derived),Vitality.Bee,43.44,0.987,22,22,44,0.5,"Scarface, Daglas, Czajek, Neon, JACTROLL",40.81,0.928
Europe,LFL,2023,full year (per-game derived),Solary,38.94,0.927,21,21,42,0.5,"Melonik, Shlatan, Peng, TakeSet, Steeelback",36.53,0.87
Europe,LFL,2023,full year (per-game derived),Aegis,38.46,0.818,22,25,47,0.4681,"Lot, SkewMond, Eika, Shiganari, Hantera",36.36,0.774
Europe,PRM,2023,full year (per-game derived),Berlin International Gaming,38.25,0.708,30,24,54,0.5556,"Vizicsacsi, Rulfchen, Kaymin, HARPOON, Leon",38.27,0.709
Europe,LES,2023,full year (per-game derived),Barça eSports,31.6,0.718,24,20,44,0.5455,"WhiteKnight, Maxlore, SAJATOR, Deadly, Efias",37.78,0.859
Europe,PRM,2023,full year (per-game derived),Eintracht Frankfurt,17.48,0.486,10,26,36,0.2778,"Vertigo, Don Arts, ZaZee, DizL, Xioh",39.6,1.1
Europe,LES,2023,full year (per-game derived),UCAM Esports,16.62,0.462,12,24,36,0.3333,"Papiteero, Xeonerr, Hatrixx, Rafitta, Infoneral",31.99,0.889
Europe,LES,2023,full year (per-game derived),Guasones,-3.98,-0.111,6,30,36,0.1667,"Dreedy, Memento, Ronaldo, zamulek, DuaLL",15.55,0.432
Europe,PRM,2023,full year (per-game derived),E WIE EINFACH E-SPORTS,-5.59,-0.155,12,24,36,0.3333,"Ventair, D4nKa, Nite, Tazaku, Max1",6.48,0.18
Europe,LFL,2023,full year (per-game derived),IziDream,-16.93,-0.434,9,30,39,0.2308,"Kio, Djoko, Nomanz, Rayito, Klaj",-2.55,-0.065
Europe,PRM,2023,full year (per-game derived),GamerLegion,-30.42,-0.801,11,27,38,0.2895,"Tracyn, Akabane, Phantomles, jinjo, Visdom",6.1,0.161
Europe,LFL,2024,full year (per-game derived),Karmine Corp Blue,116.76,2.162,38,16,54,0.7037,"Maynter, 113, Abbedagge, Caliste, Fleshy",93.78,1.737
Europe,LFL,2024,full year (per-game derived),Team BDS Academy,112.49,2.083,42,12,54,0.7778,"JNX, SkewMond, RKR, Keduii, Parus",100.85,1.868
Europe,LES,2024,full year (per-game derived),Ramboot Club,111.52,2.323,28,20,48,0.5833,"iBo, Leb, twohoyrz, Rin, Mxe",97.15,2.024
Europe,PRM,2024,full year (per-game derived),Unicorns of Love Sexy Edition,106.83,1.874,37,20,57,0.6491,"Shelfmade, Lurox, TolanD, xMatty, Piero",91.28,1.601
Europe,LES,2024,full year (per-game derived),Los Heretics,94.31,1.814,38,14,52,0.7308,"Carlsen, Xerxe, Sertuss, Jackspektra, whiteinn",75.09,1.444
Europe,PRM,2024,full year (per-game derived),NNO Prime,88.69,1.642,30,24,54,0.5556,"Scarface, Shlatan, Serin, Shiganari, Lucky",78.36,1.451
Europe,LES,2024,full year (per-game derived),GIANTX iTero,87.16,1.645,27,26,53,0.5094,"R4VEN, Peach, Feisty, Aetinoth, seaz",86.61,1.634
Europe,LES,2024,full year (per-game derived),Movistar KOI,86.54,1.881,25,21,46,0.5435,"Marky, MAXI, Random, Shy Carry, Rhuckz",73.27,1.593
Europe,LFL,2024,full year (per-game derived),Gentle Mates,77.91,1.658,19,28,47,0.4043,"Ragner, White, Mireu, BAO, kamilius",69.67,1.482
Europe,LFL,2024,full year (per-game derived),BK ROG Esports,73.84,1.605,25,21,46,0.5435,"Howling, Rhilech, Czekolad, SamD, Hantera",76.46,1.662
Europe,PRM,2024,full year (per-game derived),Eintracht Frankfurt,70.65,1.963,12,24,36,0.3333,"Agresivoo, Pabu, ZaZee, DizL, Tore",66.92,1.859
Europe,LES,2024,full year (per-game derived),UCAM Esports,68.31,1.366,26,24,50,0.52,"Sinmivak, Koldo, Baca, Kenal, Obstinatus",63.58,1.272
Europe,PRM,2024,full year (per-game derived),SK Gaming Prime,64.06,1.232,30,22,52,0.5769,"Venour, Rabble, Diplex, Neon, Doss",64.75,1.245
Europe,PRM,2024,full year (per-game derived),Eintracht Spandau,62.89,1.123,35,21,56,0.625,"Vertigo, Zanzarah, PowerOfEvil, Fun K3y, Lilipp",66.73,1.192
Europe,PRM,2024,full year (per-game derived),FC Schalke 04 Esports,62.4,1.3,26,22,48,0.5417,"Sacre, Cboi, Simpli, Peco, Twiizt",55.73,1.161
Europe,LES,2024,full year (per-game derived),Guasones,56.3,1.149,24,25,49,0.4898,"Banderas, Ryuzaki, Xico, Syzyfek, Nash",58.06,1.185
Europe,LFL,2024,full year (per-game derived),Vitality.Bee,55.49,1.028,31,23,54,0.5741,"Naak Nako, Daglas, Czajek, Jopa, Stend",58.11,1.076
Europe,LES,2024,full year (per-game derived),Barça eSports,54.4,1.157,22,25,47,0.4681,"WhiteKnight, Thayger, SAJATOR, Legolas, Oscure",48.28,1.027
Europe,LES,2024,full year (per-game derived),LUA Gaming,54.3,3.017,7,11,18,0.3889,"Sotsy, Sn1lle, Tsiperakos, Hazel, DuaLL",52.64,2.924
Europe,LFL,2024,full year (per-game derived),Solary,52.78,1.466,16,20,36,0.4444,"Kryze, Eckas, Decay, TakeSet, Myrtus",56.16,1.56
Europe,PRM,2024,full year (per-game derived),Austrian Force willhaben,51.32,1.092,27,20,47,0.5745,"Tracyn, adi1, ESCIK, Woolite, Vander",48.83,1.039
Europe,PRM,2024,full year (per-game derived),Berlin International Gaming,49.73,1.381,13,23,36,0.3611,"Vizicsacsi, Densi, Sencux, Jeskla, Lekcyc",63.83,1.773
Europe,LFL,2024,full year (per-game derived),Aegis,49.44,1.373,6,30,36,0.1667,"Badlulu, Citrus, Nafkelah, BEAN, Veignorem",48.37,1.344
Europe,LES,2024,full year (per-game derived),Case Esports,46.12,1.708,17,10,27,0.6296,"Badlulu, MAXI, Javier, DenVoksne, Rhuckz",44.45,1.646
Europe,LFL,2024,full year (per-game derived),Team GO,28.92,0.59,23,26,49,0.4694,"Lot, Boukada, Dajor, Jezu, Prime",29.95,0.611
Europe,LFL,2024,full year (per-game derived),GameWard,17.31,0.433,16,24,40,0.4,"Pride, Zicssi, Peng, Matias, Steeelback",27.15,0.679
Europe,PRM,2024,full year (per-game derived),E WIE EINFACH E-SPORTS,17.12,0.476,15,21,36,0.4167,"Flamer, D4nKa, Relative, Tazaku, Max1",25.91,0.72
Europe,LFL,2024,full year (per-game derived),Team du Sud,8.45,0.235,10,26,36,0.2778,"SLT, TynX, FEBIVEN, Innaxe, marlon",21.28,0.591
Europe,PRM,2024,full year (per-game derived),MOUZ NXT,-11.64,-0.323,4,32,36,0.1111,"Fornoreason, Afroboi, Kaymin, Dreilix, Nio",-1.78,-0.049
Europe,LES,2024,full year (per-game derived),ZETA,-40.64,-1.129,8,28,36,0.2222,"HeSSZero, NoName, PrettyGRE, Attila, Saviour",28.79,0.8
Europe,LES,2024,full year (per-game derived),Rebels Gaming,-46.99,-1.305,9,27,36,0.25,"Spooder, naau, Javier, ANDARIEL, minemaciek",-4.26,-0.118
Europe,LES,2025,full year (per-game derived),GIANTX iTero,108.56,1.645,48,18,66,0.7273,"Badlulu, Ferret, Feisty, Exofeng, Lospa",94.62,1.434
Europe,PRM,2025,full year (per-game derived),Berlin International Gaming,90.8,1.335,50,18,68,0.7353,"Shelfmade, Leb, Dajor, BEAN, LIMIT",77.71,1.143
Europe,LES,2025,full year (per-game derived),Los Heretics,83.35,1.158,46,26,72,0.6389,"Tracyn, Daglas, Mercy9, Rin, Kaiser",77.09,1.071
Europe,LFL,2025,full year (per-game derived),Karmine Corp Blue,81.95,1.037,49,30,79,0.6203,"Maynter, Yukino, SlowQ, 3XA, Piero",75.77,0.959
Europe,LES,2025,full year (per-game derived),UCAM Esports,78.0,1.5,26,26,52,0.5,"Sinmivak, bluerzor, ESCIK, ANDARIEL, iLEVI",66.33,1.276
Europe,LES,2025,full year (per-game derived),Ramboot Club,77.65,1.765,21,23,44,0.4773,"Thien, NoName, Baca, Syzyfek, Goliath",56.12,1.275
Europe,LFL,2025,full year (per-game derived),Galions,71.77,1.04,44,25,69,0.6377,"Ragner, Xerxe, Serin, HARPOON, Zoelys",69.95,1.014
Europe,PRM,2025,full year (per-game derived),Kaufland Hangry Knights,71.1,1.185,29,31,60,0.4833,"Venour, Rabble, Random, Jeskla, Visdom",68.57,1.143
Europe,PRM,2025,full year (per-game derived),Eintracht Frankfurt,63.25,1.291,21,28,49,0.4286,"Sacre, Zanzarah, ZaZee, Unkn0wn5, Veignorem",49.26,1.005
Europe,LES,2025,full year (per-game derived),Veni Vidi Vici,62.61,1.181,26,27,53,0.4906,"iBo, Koldo, Marty, Rayito, Nash",55.8,1.053
Europe,PRM,2025,full year (per-game derived),TeamOrangeGaming,61.6,0.933,35,31,66,0.5303,"Smurfe, Cboi, Six10, Vzz, Infoneral",53.59,0.812
Europe,PRM,2025,full year (per-game derived),ROSSMANN Centaurs,56.86,0.79,35,37,72,0.4861,"Addusto, Xagog, RoyalKanin, Fun K3y, Wildenbruch",48.36,0.672
Europe,LFL,2025,full year (per-game derived),Vitality.Bee,56.85,0.812,37,33,70,0.5286,"JNX, Lurox, Vetheo, Jopa, Dekap",63.85,0.912
Europe,LFL,2025,full year (per-game derived),BK ROG Esports,56.22,0.75,42,33,75,0.56,"Szygenda, XnS, OMON, Booshi, Doss",52.64,0.702
Europe,LES,2025,full year (per-game derived),LUA Gaming,53.94,1.226,20,24,44,0.4545,"Marky, Sn1lle, Hydra, Shy Carry, Click",53.13,1.208
Europe,LFL,2025,full year (per-game derived),Solary,39.36,0.635,30,32,62,0.4839,"Kryze, Markoon, Decay, TakeSet, Mersa",40.72,0.657
Europe,PRM,2025,full year (per-game derived),Eintracht Spandau,31.84,0.816,12,27,39,0.3077,"Pride, Santorin, PowerOfEvil, Innaxe, Lilipp",66.45,1.704
Europe,PRM,2025,full year (per-game derived),Austrian Force willhaben,31.72,0.547,24,34,58,0.4138,"SwiT, denizzz, Nan0, Kenal, Aladoric",28.61,0.493
Europe,PRM,2025,full year (per-game derived),Dung Dynasty,29.54,1.284,13,10,23,0.5652,"Send0o, Agurin, Phantasm, Reptile, Lucky",44.48,1.934
Europe,LES,2025,full year (per-game derived),Movistar KOI Fénix,26.15,0.568,21,25,46,0.4565,"NightSlayer, Time, Fresskowy, 13, Thomas",23.57,0.512
Europe,PRM,2025,full year (per-game derived),Unicorns of Love Sexy Edition,25.56,0.473,24,30,54,0.4444,"Fornoreason, White, Simpli, DenVoksne, seaz",27.33,0.506
Europe,LES,2025,full year (per-game derived),Barça eSports,25.43,0.33,39,38,77,0.5065,"WhiteKnight, 113, Czekolad, Legolas, whiteinn",40.25,0.523
Europe,PRM,2025,full year (per-game derived),E WIE EINFACH E-SPORTS,17.63,0.271,31,34,65,0.4769,"Rocklho, Afroboi, Relative, Noz2k, Tockimo",15.76,0.242
Europe,PRM,2025,full year (per-game derived),CGN Esports,16.74,0.598,17,11,28,0.6071,"Send0o, Typhoon, Phantasm, Reptile, Lucky",46.11,1.647
Europe,LFL,2025,full year (per-game derived),Gentle Mates,14.38,0.205,37,33,70,0.5286,"Empyros, Zicssi, Eika, Comp, Erdote",23.12,0.33
Europe,LFL,2025,full year (per-game derived),Team BDS Academy,13.58,0.388,8,27,35,0.2286,"Papiteero, Shlatan, Toffe, Mishi, Myrtus",26.34,0.753
Europe,LES,2025,full year (per-game derived),ZETA,13.25,0.491,5,22,27,0.1852,"CPM, Nasser, Xico, Afriibi, escoX",29.32,1.086
Europe,LFL,2025,full year (per-game derived),Joblife,0.28,0.006,17,31,48,0.3542,"Leny, RAMES, Diplex, Deadly, Twiizt",15.71,0.327
Europe,LFL,2025,full year (per-game derived),Ici Japon Corp. Esport,-16.73,-0.274,31,30,61,0.5082,"Howling, Theocacs, Sertuss, Pangjin, Prime",3.73,0.061
Europe,LFL,2025,full year (per-game derived),GameWard,-42.55,-0.99,11,32,43,0.2558,"Sotsy, Stormax, Backlund, Matias, HONOR",-18.85,-0.438
Europe,LES,2025,full year (per-game derived),Guasones,-79.18,-2.933,2,25,27,0.0741,"selenex, Nyx, Macaquino, Lelouch, Passzi",-27.5,-1.019
Europe,LES,2026,full year (per-game derived),Team Heretics Academy,147.59,7.38,17,3,20,0.85,"Papiteero, Lurox, Mercy9, Lure, Batuuu",81.15,4.058
Europe,LES,2026,full year (per-game derived),Movistar KOI Fénix,109.37,4.207,20,6,26,0.7692,"NightSlayer, Time, Fresskowy, 13, Myrtus",78.24,3.009
Europe,LFL,2026,full year (per-game derived),French Flair,107.28,4.47,16,8,24,0.6667,"Adam, NattyNatt, SAKEN, 3XA, Targamas",96.16,4.007
Europe,PRM,2026,full year (per-game derived),Berlin International Gaming,102.44,2.439,29,13,42,0.6905,"Irrelevant, Habubu, Reeker, Patrik, Kaiser",88.24,2.101
Europe,LFL,2026,full year (per-game derived),Solary,100.52,3.046,29,4,33,0.8788,"Kryze, Zicssi, Jool, Aetinoth, Piero",79.2,2.4
Europe,PRM,2026,full year (per-game derived),TeamOrangeGaming,97.0,3.345,16,13,29,0.5517,"zorenous, Woldjo, SAJATOR, Ryuk, Lilipp",76.93,2.653
Europe,LFL,2026,full year (per-game derived),Karmine Corp Blue,92.64,5.449,10,7,17,0.5882,"Tao, Yukino, Kamiloo, Hazel, Prime",62.16,3.656
Europe,LES,2026,full year (per-game derived),UCAM Esports,92.08,3.683,15,10,25,0.6,"Kozi, bluerzor, ESCIK, ANDARIEL, iLEVI",84.04,3.362
Europe,PRM,2026,full year (per-game derived),Eintracht Spandau,90.37,2.51,27,9,36,0.75,"JNX, Xagog, PowerOfEvil, Keduii, seaz",84.54,2.348
Europe,LFL,2026,full year (per-game derived),Galions,86.39,2.009,25,18,43,0.5814,"Carlsen, Thayger, OMON, HARPOON, Zoelys",70.61,1.642
Europe,LES,2026,full year (per-game derived),Barça eSports,72.05,2.573,16,12,28,0.5714,"selenex, Koldo, Macaquinho, Legolas, Oscure",47.11,1.682
Europe,PRM,2026,full year (per-game derived),G2 NORD,71.87,1.797,27,13,40,0.675,"Shelfmade, Markoon, Toasty, Rin, Tockimo",59.78,1.494
Europe,PRM,2026,full year (per-game derived),E WIE EINFACH E-SPORTS,70.9,1.818,20,19,39,0.5128,"Vizicsacsi, Afroboi, Relative, Noz2k, Wildenbruch",51.18,1.312
Europe,LFL,2026,full year (per-game derived),BK ROG Esports,60.02,6.002,4,6,10,0.4,"Boda, Jeykup, Sayn, UNF0RGIVEN, Doss",61.15,6.115
Europe,LES,2026,full year (per-game derived),GIANTX iTero,54.3,2.586,10,11,21,0.4762,"ManoloGap, Th3Antonio, Miniduke, Flakked, Attila",49.98,2.38
Europe,LFL,2026,full year (per-game derived),Skillcamp,51.25,2.33,7,15,22,0.3182,"Yeti, SPOOKY, Nafkelah, Deadly, Steeelback",45.83,2.083
Europe,PRM,2026,full year (per-game derived),Kaufland Hangry Knights,50.15,1.929,9,17,26,0.3462,"Venour, Densi, Abbedagge, UNF0RGIVEN, Pyrka",55.36,2.129
Europe,LFL,2026,full year (per-game derived),Vitality.Bee,47.86,1.773,10,17,27,0.3704,"Potent, Dawciu, Czajek, Yakkey, Dekap",41.72,1.545
Europe,LFL,2026,full year (per-game derived),TLN Pirates,46.27,1.129,24,17,41,0.5854,"Spooder, Stefan, Toffe, Axelent, Thomas",49.75,1.213
Europe,PRM,2026,full year (per-game derived),Unicorns of Love Sexy Edition,41.87,1.132,20,17,37,0.5405,"Fornoreason, White, RoyalKanin, DenVoksne, Twiizt",31.5,0.851
Europe,PRM,2026,full year (per-game derived),Eintracht Frankfurt,27.64,1.063,8,18,26,0.3077,"Mietek, D4nKa, Sencux, Notiko, Farfetch",29.96,1.152
Europe,LFL,2026,full year (per-game derived),Esprit Shōnen,26.9,1.494,6,12,18,0.3333,"Leny, Kobs, xKenzuke, Booshi, Mxe",37.27,2.071
Europe,LES,2026,full year (per-game derived),LUA Gaming,22.39,1.178,5,14,19,0.2632,"Dani, Pegaso, Hydra, Kaii, TIMR",32.4,1.705
Europe,LFL,2026,full year (per-game derived),Ici Japon Corp. Esport,0.46,0.031,4,11,15,0.2667,"Badlulu, Kaboom, Dajor, Soldier, whiteinn",37.72,2.515
Europe,PRM,2026,full year (per-game derived),A One Man Army Prime,0.07,0.012,1,5,6,0.1667,"Smurfe, Dome, Artoria, Xay, Urban",26.95,4.492
Europe,LFL,2026,full year (per-game derived),Joblife,-7.04,-0.261,11,16,27,0.4074,"Vertigo, Shift, Czekolad, Comp, Mersa",25.74,0.953
Europe,LFL,2026,full year (per-game derived),ZYB Esport,-9.07,-0.378,7,17,24,0.2917,"Wao, Manaty, Nisqy, Jezu, Riippp",19.47,0.811
Europe,LES,2026,full year (per-game derived),Falke Esports,-16.28,-0.904,3,15,18,0.1667,"Ethe, Clicker, Midnight, Marcv1, Deleted",13.85,0.769
Europe,PRM,2026,full year (per-game derived),VfB eSports,-22.88,-1.271,3,15,18,0.1667,"Sven, ZWICKL, Luke, Tazaku, Jakobobbi",3.98,0.221
Europe,LFL,2026,full year (per-game derived),Lille Esport,-28.36,-2.578,3,8,11,0.2727,"Alan, KKT, Koussay, Vespa, Seneca",29.39,2.672
Europe,LES,2026,full year (per-game derived),UB Alma Mater,-38.83,-2.044,2,17,19,0.1053,"Pasameelcelo, Ivama, Pauporter, adrianlaneitor, Xixauxas",6.65,0.35
Europe,PRM,2026,full year (per-game derived),ROSSMANN Centaurs,-45.47,-2.165,0,21,21,0.0,"CPM, Pasu, Fooneses, Devn, Smarty",-17.11,-0.815
Americas,LCS,2023,full year (per-game derived),Cloud9,157.95,2.677,45,14,59,0.7627,"Fudge, Blaber, EMENES, Berserker, Zven",137.46,2.33
Americas,LCS,2023,full year (per-game derived),Team Liquid,145.62,2.511,30,28,58,0.5172,"Summit, Pyosik, APA, Yeon, CoreJJ",127.46,2.198
Americas,LCS,2023,full year (per-game derived),Golden Guardians,123.61,1.873,38,28,66,0.5758,"Licorice, River, Gori, Stixxay, huhi",110.18,1.669
Americas,LCS,2023,full year (per-game derived),NRG,83.31,1.302,32,32,64,0.5,"Dhokla, Contractz, Palafox, FBI, Ignar",72.34,1.13
Americas,LCS,2023,full year (per-game derived),Evil Geniuses,66.58,1.211,29,26,55,0.5273,"Revenge, Sheiden, Jojopyun, UNF0RGIVEN, Eyla",61.59,1.12
Americas,LCS,2023,full year (per-game derived),FlyQuest,62.18,1.295,25,23,48,0.5208,"Impact, Spica, VicLa, Prince, Vulcan",56.49,1.177
Americas,LCS,2023,full year (per-game derived),TSM,40.47,0.88,20,26,46,0.4348,"Hauntzer, Bugi, Insanity, WildTurtle, Chime",39.05,0.849
Americas,LCS,2023,full year (per-game derived),100 Thieves,34.41,0.675,22,29,51,0.4314,"Ssumday, Closer, Quid, Doublelift, Busio",33.91,0.665
Americas,LCS,2023,full year (per-game derived),Dignitas,14.39,0.32,14,31,45,0.3111,"Rich, Santorin, Jensen, Tomo, Poome",24.15,0.537
Americas,LCS,2023,full year (per-game derived),Immortals,-27.15,-0.754,9,27,36,0.25,"Solo, Kenvi, Bolulu, Tactical, Treatz",-5.17,-0.144
Americas,LCS,2024,full year (per-game derived),FlyQuest,100.98,1.578,42,22,64,0.6562,"Bwipo, Inspired, Quad, Massu, Busio",92.22,1.441
Americas,LCS,2024,full year (per-game derived),Team Liquid,95.34,1.538,42,20,62,0.6774,"Impact, UmTi, APA, Yeon, CoreJJ",83.86,1.353
Americas,LCS,2024,full year (per-game derived),Cloud9,91.68,1.951,26,21,47,0.5532,"Thanatos, Blaber, Jojopyun, Berserker, Vulcan",96.47,2.053
Americas,LCS,2024,full year (per-game derived),100 Thieves,85.5,1.425,30,30,60,0.5,"Sniper, River, Quid, Tomo, Eyla",73.5,1.225
Americas,LCS,2024,full year (per-game derived),Dignitas,56.0,1.167,20,28,48,0.4167,"Licorice, Spica, Jensen, Zven, Isles",67.17,1.399
Americas,LCS,2024,full year (per-game derived),NRG,37.69,0.857,16,28,44,0.3636,"Dhokla, Contractz, Palafox, FBI, huhi",56.51,1.284
Americas,LCS,2024,full year (per-game derived),Immortals,-8.7,-0.3,7,22,29,0.2414,"Castle, Armao, Mask, Tactical, Olleh",12.06,0.416
Americas,LCS,2024,full year (per-game derived),Shopify Rebellion,-40.2,-1.34,9,21,30,0.3,"FakeGod, Bugi, Insanity, Bvoy, Zeyzal",15.07,0.502
Americas,LCS,2025,full year (per-game derived),Cloud9,104.07,1.764,39,20,59,0.661,"Thanatos, Blaber, Loki, Zven, Vulcan",98.93,1.677
Americas,LCS,2025,full year (per-game derived),100 Thieves,95.68,1.876,29,22,51,0.5686,"Dhokla, River, Quid, FBI, Eyla",85.04,1.667
Americas,LCS,2025,full year (per-game derived),FlyQuest,88.62,1.641,44,10,54,0.8148,"Bwipo, Inspired, Quad, Massu, Busio",86.15,1.595
Americas,LCS,2025,full year (per-game derived),LYON,68.73,2.083,11,22,33,0.3333,"Srtty, Oddielan, Saint, Hena, Lyonz",77.95,2.362
Americas,LCS,2025,full year (per-game derived),Team Liquid,63.81,1.358,22,25,47,0.4681,"Impact, Yuuji, APA, Yeon, CoreJJ",80.08,1.704
Americas,LCS,2025,full year (per-game derived),Disguised,28.08,0.759,10,27,37,0.2703,"Castle, eXyu, DARKWINGS, Rahel, huhi",50.36,1.361
Americas,LCS,2025,full year (per-game derived),Dignitas,12.22,0.313,10,29,39,0.2564,"Photon, Sheiden, Keine, Tomo, Isles",28.01,0.718
Americas,LCS,2025,full year (per-game derived),Shopify Rebellion,-19.07,-0.329,24,34,58,0.4138,"Fudge, Contractz, Palafox, Bvoy, Ceos",7.04,0.121
Americas,LCS,2026,full year (per-game derived),Cloud9,109.3,2.732,30,10,40,0.75,"Thanatos, Blaber, APA, Zven, Vulcan",100.99,2.525
Americas,LCS,2026,full year (per-game derived),Team Liquid,102.1,2.687,21,17,38,0.5526,"Morgan, Josedeodo, Quid, Yeon, CoreJJ",105.16,2.767
Americas,LCS,2026,full year (per-game derived),LYON,94.89,2.109,30,15,45,0.6667,"Dhokla, Inspired, Saint, Berserker, Isles",83.61,1.858
Americas,LCS,2026,full year (per-game derived),FlyQuest,80.13,2.109,18,20,38,0.4737,"Gakgos, Gryffinn, Quad, Massu, Cryogen",74.2,1.953
Americas,LCS,2026,full year (per-game derived),Sentinels,51.34,1.351,18,20,38,0.4737,"Impact, HamBak, DARKWINGS, Rahel, huhi",61.33,1.614
Americas,LCS,2026,full year (per-game derived),Disguised,37.84,1.182,11,21,32,0.3438,"Srtty, KryRa, Callme, sajed, Lyonz",30.25,0.945
Americas,LCS,2026,full year (per-game derived),Shopify Rebellion,-13.99,-0.666,5,16,21,0.2381,"Fudge, Contractz, Zinie, Bvoy, Ceos",-0.5,-0.024
Americas,LCS,2026,full year (per-game derived),Dignitas,-28.11,-1.171,5,19,24,0.2083,"Photon, eXyu, Palafox, FBI, Ignar",2.79,0.116
Americas,CBLOL,2023,full year (per-game derived),LOUD,117.68,2.029,43,15,58,0.7414,"Robo, Croc, tinowns, Route, Ceos",106.05,1.828
Americas,CBLOL,2023,full year (per-game derived),paiN Gaming,102.58,1.554,40,26,66,0.6061,"Wizer, CarioK, dyNquedo, Bvoy, ProDelta",92.2,1.397
Americas,CBLOL,2023,full year (per-game derived),Fluxo,86.53,1.967,23,21,44,0.5227,"Tay, Disamis, Hauz, Brance, JoJo",78.67,1.788
Americas,CBLOL,2023,full year (per-game derived),INTZ,83.91,1.785,22,25,47,0.4681,"Zzk, Yampi, NOsFerus, NinjaKiwi, Nia",76.98,1.638
Americas,CBLOL,2023,full year (per-game derived),RED Canids,66.2,1.161,33,24,57,0.5789,"fNb, Aegis, Envy, TitaN, frosty",62.94,1.104
Americas,CBLOL,2023,full year (per-game derived),Liberty,51.42,1.428,7,29,36,0.1944,"Kiari, Accez, Avenger, Juliera, Wos",51.82,1.439
Americas,CBLOL,2023,full year (per-game derived),Vivo Keyd Stars,48.18,1.071,19,26,45,0.4222,"Guigo, Grell, Grevthar, Trigo, Damage",48.58,1.08
Americas,CBLOL,2023,full year (per-game derived),FURIA,46.62,0.992,23,24,47,0.4894,"Betão, Goot, Tutsz, Ayu, zay",67.81,1.443
Americas,CBLOL,2023,full year (per-game derived),LØS,34.12,0.711,24,24,48,0.5,"Hidan, enel1, Lava, Netuno, Ranger",50.79,1.058
Americas,CBLOL,2023,full year (per-game derived),KaBuM! Esports,-55.07,-1.53,8,28,36,0.2222,"Lonely, Samkz, Krastyel, RAV3N, RedBert",-2.53,-0.07
Americas,CBLOL,2024,full year (per-game derived),paiN Gaming,97.07,1.407,46,23,69,0.6667,"Wizer, CarioK, dyNquedo, TitaN, Kuri",87.72,1.271
Americas,CBLOL,2024,full year (per-game derived),Vivo Keyd Stars,96.19,1.355,45,26,71,0.6338,"Guigo, Disamis, Leleko, Smiley, ProDelta",87.0,1.225
Americas,CBLOL,2024,full year (per-game derived),LOUD,92.96,1.452,37,27,64,0.5781,"Robo, Croc, tinowns, Route, RedBert",89.06,1.392
Americas,CBLOL,2024,full year (per-game derived),FURIA,73.98,1.396,22,31,53,0.4151,"Zzk, Wiz, Tutsz, Ayu, JoJo",73.66,1.39
Americas,CBLOL,2024,full year (per-game derived),KaBuM! Esports,52.48,1.193,20,24,44,0.4545,"Lonely, SCARY, Hauz, Netuno, Ceos",54.8,1.245
Americas,CBLOL,2024,full year (per-game derived),RED Canids,35.44,0.554,39,25,64,0.6094,"fNb, Aegis, Grevthar, Brance, frosty",44.79,0.7
Americas,CBLOL,2024,full year (per-game derived),Los Grandes,31.19,0.709,13,31,44,0.2955,"SuperCleber, Seize, Envy, brTT, sanghyeon",42.34,0.962
Americas,CBLOL,2024,full year (per-game derived),Fluxo,16.33,0.363,18,27,45,0.4,"Kiari, Shini, Fuuu, Trigo, scamber",26.9,0.598
Americas,CBLOL,2024,full year (per-game derived),INTZ,4.78,0.133,11,25,36,0.3056,"Yupps, Yampi, Dioge, NinjaKiwi, Damage",28.78,0.799
Americas,CBLOL,2024,full year (per-game derived),Liberty,-7.96,-0.221,12,24,36,0.3333,"Makes, Levizin, Pilot, Leandrinn, Cavalo",14.57,0.405
Americas,CBLOL,2025,full year (per-game derived),Isurus,107.33,1.819,32,27,59,0.5424,"Zamudo, Josedeodo, Keine, Snaker, Ackerman",81.81,1.387
Americas,CBLOL,2025,full year (per-game derived),RED Canids,102.72,1.868,29,26,55,0.5273,"fNb, Curse, Kaze, Rabelo, frosty",90.3,1.642
Americas,CBLOL,2025,full year (per-game derived),LOUD,78.38,1.425,30,25,55,0.5455,"Robo, Gryffinn, Jool, Route, RedBert",75.18,1.367
Americas,CBLOL,2025,full year (per-game derived),Vivo Keyd Stars,75.22,1.475,30,21,51,0.5882,"Boal, Disamis, Mireu, Morttheus, Trymbi",66.05,1.295
Americas,CBLOL,2025,full year (per-game derived),paiN Gaming,72.06,1.264,33,24,57,0.5789,"Wizer, CarioK, Roamer, TitaN, Kuri",83.77,1.47
Americas,CBLOL,2025,full year (per-game derived),FURIA,65.34,1.21,30,24,54,0.5556,"Guigo, Tatu, Tutsz, Ayu, JoJo",77.46,1.434
Americas,CBLOL,2025,full year (per-game derived),Alpha7 Esports,45.58,4.144,3,8,11,0.2727,"Kiari, Drakehero, random, scuro, Telas",48.83,4.439
Americas,CBLOL,2025,full year (per-game derived),Leviatan,39.64,1.043,15,23,38,0.3947,"Zothve, SCARY, Hauz, ceo, TopLop",46.32,1.219
Americas,CBLOL,2025,full year (per-game derived),Flamengo MDL,36.29,3.629,4,6,10,0.4,"Makes, Dizin, Envy, Trigo, Damage",30.36,3.036
Americas,CBLOL,2025,full year (per-game derived),Fluxo W7M,7.73,0.258,4,26,30,0.1333,"curty, Yampi, Fuuu, Marvin, ProDelta",35.67,1.189
Americas,CBLOL,2026,full year (per-game derived),RED Canids,132.98,3.093,27,16,43,0.6279,"zynts, STEPZ, Kaze, Morttheus, frosty",108.45,2.522
Americas,CBLOL,2026,full year (per-game derived),FURIA,71.67,1.558,31,15,46,0.6739,"Guigo, Tatu, Tutsz, Ayu, JoJo",71.05,1.545
Americas,CBLOL,2026,full year (per-game derived),LOUD,60.35,1.257,27,21,48,0.5625,"xyno, YoungJae, Envy, Bull, uZent",54.13,1.128
Americas,CBLOL,2026,full year (per-game derived),paiN Gaming,37.69,1.256,8,22,30,0.2667,"Robo, CarioK, Keine, Trigger, Kuri",55.72,1.857
Americas,CBLOL,2026,full year (per-game derived),LØS,36.9,0.82,25,20,45,0.5556,"Zest, Curse, Feisty, Duduhh, Ackerman",39.67,0.882
Americas,CBLOL,2026,full year (per-game derived),Leviatan,32.55,0.88,12,25,37,0.3243,"Devost, Booki, Enga, Snaker, TopLop",27.7,0.749
Americas,CBLOL,2026,full year (per-game derived),Fluxo W7M,26.94,0.792,15,19,34,0.4412,"curty, Peach, cody, BAO, Momochi",28.64,0.842
Americas,CBLOL,2026,full year (per-game derived),Vivo Keyd Stars,4.35,0.112,16,23,39,0.4103,"Wizer, sarolu, Mireu, ceo, Kaiwing",35.48,0.91
Americas,NACL,2023,full year (per-game derived),Team Liquid Challengers,142.24,1.482,60,36,96,0.625,"Bradley, Mir, Haeri, Arrow, Kim Down",115.7,1.205
Americas,NACL,2023,full year (per-game derived),Disguised,116.97,2.339,33,17,50,0.66,"FakeGod, Tomio, Young, Meech, Zeyzal",103.28,2.066
Americas,NACL,2023,full year (per-game derived),Mirage Alliance,115.55,4.28,19,8,27,0.7037,"Allorim, Chad, Sudzzi, Neo, Dardoch",99.84,3.698
Americas,NACL,2023,full year (per-game derived),Cloud9 Challengers,112.07,2.335,36,12,48,0.75,"FakeGod, Tomio, Diplex, Lost, Zeyzal",97.16,2.024
Americas,NACL,2023,full year (per-game derived),CB Gaming,111.98,7.465,5,10,15,0.3333,"Geiger, Kolthro, Klexo, Airren, Mixtsure",69.61,4.641
Americas,NACL,2023,full year (per-game derived),Dignitas Challengers,100.16,2.226,32,13,45,0.7111,"Hoon, eXyu, Insanity, Spawn, Diamond",87.62,1.947
Americas,NACL,2023,full year (per-game derived),FlyQuest NZXT,95.65,1.04,57,35,92,0.6196,"Faisal, Yuuji, Spirax, Massu, Winsome",89.55,0.973
Americas,NACL,2023,full year (per-game derived),Maryville University,84.38,1.383,28,33,61,0.459,"Niles, OddOrange, Getback, ScaryJerry, Zyko",78.11,1.28
Americas,NACL,2023,full year (per-game derived),CLG Challengers,82.59,2.173,23,15,38,0.6053,"Jenkins, Kevy, Copy, Meech, Breezy",73.87,1.944
Americas,NACL,2023,full year (per-game derived),Team Ambition,76.58,2.015,18,20,38,0.4737,"Porsche, Leemo, Kachu, Levitate, Snow2",65.55,1.725
Americas,NACL,2023,full year (per-game derived),Native Gaming,76.29,7.629,5,5,10,0.5,"Shockey, Fanatiik, Messages, Scoooped, Rhino",59.9,5.99
Americas,NACL,2023,full year (per-game derived),Evil Geniuses Challengers,73.54,0.826,38,51,89,0.427,"Srtty, Armao, Ryoma, k1ng, Smoothie",70.61,0.793
Americas,NACL,2023,full year (per-game derived),AOE Gold,73.09,0.87,37,47,84,0.4405,"Concept, Will, DARKWINGS, links, Breezy",62.83,0.748
Americas,NACL,2023,full year (per-game derived),TSM Challengers,72.03,1.947,16,21,37,0.4324,"Hauntzer, Svenskeren, Doxa, Neo, Dragku",62.52,1.69
Americas,NACL,2023,full year (per-game derived),Apex Mission Impossible,69.2,4.071,7,10,17,0.4118,"Dec0y, Hyphe, Ariendel, Bazz, Pockus",60.49,3.558
Americas,NACL,2023,full year (per-game derived),Golden Guardians Challengers,68.82,1.679,24,17,41,0.5854,"Concept, RoseThorn, Young, Array, Prismal",63.71,1.554
Americas,NACL,2023,full year (per-game derived),Wildcard Gaming,61.5,0.732,46,38,84,0.5476,"Zamudo, Keel, Soligo, Lens, donbray",58.48,0.696
Americas,NACL,2023,full year (per-game derived),Winthrop University,59.8,1.869,17,15,32,0.5312,"Denathor, Wilson, Sword, Mobility, Chookies",55.58,1.737
Americas,NACL,2023,full year (per-game derived),Cincinnati Fear,57.59,0.594,57,40,97,0.5876,"Philip, Perry, shochi, Minui, JayJ",55.91,0.576
Americas,NACL,2023,full year (per-game derived),100 Thieves Challengers,56.59,1.415,24,16,40,0.6,"Darshan, Yukino, PrettyGRE, UNF0RGIVEN, destiny",65.57,1.639
Americas,NACL,2023,full year (per-game derived),LiT Esports,45.53,1.686,13,14,27,0.4815,"Dragoon, Kisno, Messages, ROCKBOOM, Plux",47.45,1.757
Americas,NACL,2023,full year (per-game derived),Miracle,37.2,2.862,4,9,13,0.3077,"Lawrence, LJX, rovex, Kaido, Daption",40.31,3.101
Americas,NACL,2023,full year (per-game derived),Immortals Challengers,36.93,0.998,18,19,37,0.4865,"ADD, Chad, Yusui, Wixxi, Joey",40.93,1.106
Americas,NACL,2023,full year (per-game derived),Supernova,36.8,0.566,26,39,65,0.4,"Qwacker, Music, RobbyBob, Sketch, Trevor",38.72,0.596
Americas,NACL,2023,full year (per-game derived),FLY FAM,33.96,0.943,5,31,36,0.1389,"lunacia, Hyper, Blazze, Instinct, Sword",35.24,0.979
Americas,NACL,2023,full year (per-game derived),Team Fish Taco,32.8,0.596,19,36,55,0.3455,"lunacia, RoseThorn, Onat, Spawn, Nxi",36.62,0.666
Americas,NACL,2023,full year (per-game derived),Team Liquid First,-17.87,-0.425,9,33,42,0.2143,"Srtty, Kaido, Aspect, miya, rovex",-1.42,-0.034
Americas,NACL,2023,full year (per-game derived),CCG Esports,-24.95,-1.386,8,10,18,0.4444,"Shockey, Hyper, Rain1, Lunar, Bruhruto",15.07,0.837
Americas,NACL,2023,full year (per-game derived),Kelyx's Grandpa Gamers,-25.11,-5.022,1,4,5,0.2,"IamSunlight, RBM, omly, EvanRL, Menace",27.1,5.42
Americas,NACL,2023,full year (per-game derived),CLG Faith,-103.35,-2.953,2,33,35,0.0571,"Bejjaniii, Nxi, Town, Airren, Sketch",-55.58,-1.588
Americas,NACL,2024,full year (per-game derived),Dragonsteel,145.96,4.865,26,4,30,0.8667,"Zamudo, Yuuji, Spirax, ScaryJerry, Zyko",112.68,3.756
Americas,NACL,2024,full year (per-game derived),Lotus,98.84,3.954,17,8,25,0.68,"Porsche, Dardoch, RobbyBob, Sushee, Mixtsure",85.67,3.427
Americas,NACL,2024,full year (per-game derived),FlyQuest NZXT,96.0,1.333,49,23,72,0.6806,"Srtty, Sheiden, Bradley, sajed, Chime",82.53,1.146
Americas,NACL,2024,full year (per-game derived),Team Liquid Challengers,91.3,1.473,26,36,62,0.4194,"Jenkins, Keel, Roamer, Spawn, Kim Down",88.34,1.425
Americas,NACL,2024,full year (per-game derived),Maryville University,90.42,2.205,28,13,41,0.6829,"Niles, Yuuji, Spirax, ScaryJerry, Zyko",90.96,2.219
Americas,NACL,2024,full year (per-game derived),Fear x Starforge,85.56,2.312,20,17,37,0.5405,"Philip, eXyu, Ablazeolive, Instinct, Winsome",80.36,2.172
Americas,NACL,2024,full year (per-game derived),Blue Otter,84.77,1.599,28,25,53,0.5283,"Qwacker, Music, Samikin, Levitate, rovex",73.04,1.378
Americas,NACL,2024,full year (per-game derived),Dragoon's Goons,78.25,3.557,14,8,22,0.6364,"Dragoon, Kisno, Sudzzi, Array, Daption",67.7,3.077
Americas,NACL,2024,full year (per-game derived),Supernova,76.0,1.188,37,27,64,0.5781,"Faisal, Kenvi, Toasty, Lens, Diamond",67.67,1.057
Americas,NACL,2024,full year (per-game derived),Disguised,65.74,0.981,29,38,67,0.4328,"Tenacity, Yukino, Young, Minui, Poome",57.14,0.853
Americas,NACL,2024,full year (per-game derived),Area of Effect Esports,52.25,0.792,27,39,66,0.4091,"Cozy, Kaido, Onat, Mobility, Breezy",60.67,0.919
Americas,NACL,2024,full year (per-game derived),Pulse Star,42.47,2.831,6,9,15,0.4,"Horder, Will, Ariendel, SageWabe, Prismal",55.63,3.709
Americas,NACL,2024,full year (per-game derived),Winthrop University,33.81,0.966,13,22,35,0.3714,"Denathor, winnie, DARKWINGS, Airren, Chookies",45.78,1.308
Americas,NACL,2024,full year (per-game derived),CCG Esports,33.61,0.989,17,17,34,0.5,"Crimson, KryRa, shochi, ROCKBOOM, Trevor",46.65,1.372
Americas,NACL,2024,full year (per-game derived),Wildcard Gaming,23.86,0.918,11,15,26,0.4231,"Qwacker, winnie, DARKWINGS, Airren, Doxa",34.06,1.31
Americas,NACL,2024,full year (per-game derived),Apex Mission Impossible,23.15,2.894,0,8,8,0.0,"Dec0y, Lojaz, Zalt, Bazz, Pockus",33.2,4.15
Americas,NACL,2024,full year (per-game derived),Cincinnati Fear,20.35,0.581,16,19,35,0.4571,"Philip, Chad, Toasty, Lens, Daption",29.67,0.848
Americas,NACL,2024,full year (per-game derived),DUCKIE GETTERS,-7.63,-0.424,8,10,18,0.4444,"DrCalculus, Bio, Roughbeanz, Enthralled, Hiccup1357",9.49,0.527
Americas,NACL,2024,full year (per-game derived),LiT Esports,-20.54,-0.642,10,22,32,0.3125,"Dragoon, Kisno, Messages, ROCKBOOM, Plux",2.98,0.093
Americas,NACL,2024,full year (per-game derived),Gentle Hearts Gaming,-35.87,-3.986,1,8,9,0.1111,"PCL, Kross, XiaoDanny, Devin, winter",9.77,1.086
Americas,NACL,2024,full year (per-game derived),Mirage Alliance,-43.45,-1.609,6,21,27,0.2222,"Allorim, Dardoch, Soligo, Neo, Prismal",17.91,0.663
Americas,NACL,2025,full year (per-game derived),Supernova,115.44,2.624,19,25,44,0.4318,"Horder, Dardoch, Ablazeolive, ScaryJerry, Breezy",109.48,2.488
Americas,NACL,2025,full year (per-game derived),Luminosity Gaming,112.97,2.259,40,10,50,0.8,"FakeGod, Tomio, Insanity, Tactical, Zeyzal",89.59,1.792
Americas,NACL,2025,full year (per-game derived),DarkZero Dragonsteel,86.76,1.668,33,19,52,0.6346,"Keii, Kisno, Toasty, sajed, Zyko",73.01,1.404
Americas,NACL,2025,full year (per-game derived),Citadel Gaming,86.1,4.532,10,9,19,0.5263,"Philip, Kenvi, Bradley, Instinct, Diamond",73.04,3.844
Americas,NACL,2025,full year (per-game derived),Near Airport,73.45,1.933,24,14,38,0.6316,"TF Blade, Spica, Pobelter, Doublelift, Biofrost",64.7,1.703
Americas,NACL,2025,full year (per-game derived),Conviction,53.1,0.932,33,24,57,0.5789,"TF Blade, Perry, KatEvolved, V1per, Stunt",50.98,0.894
Americas,NACL,2025,full year (per-game derived),Winthrop University,42.53,0.925,16,30,46,0.3478,"Denathor, Wilson, Sword, Mobility, Only35",42.98,0.934
Americas,NACL,2025,full year (per-game derived),Dorado Gaming,42.27,2.114,9,11,20,0.45,"Ariana, Kaido, shochi, Sushee, Mixtsure",50.95,2.548
Americas,NACL,2025,full year (per-game derived),Apex Mission Impossible,40.81,1.36,7,23,30,0.2333,"Dec0y, Lojaz, Retrozing, Bazz, Protos",29.9,0.997
Americas,NACL,2025,full year (per-game derived),Blue Otter,34.78,0.756,20,26,46,0.4348,"Qwacker, KryRa, Samikin, Array, rovex",52.12,1.133
Americas,NACL,2025,full year (per-game derived),Cupid Esports,15.17,1.896,1,7,8,0.125,"DrCalculus, Bio, aadurrr, Hub, Bruhruto",36.81,4.601
Americas,NACL,2025,full year (per-game derived),CCG Esports,-4.56,-0.117,20,19,39,0.5128,"Crimson, Music, Young, Shogo, Fatihcan",33.08,0.848
Americas,NACL,2025,full year (per-game derived),Pulse Star,-30.32,-1.123,6,21,27,0.2222,"DrCalculus, Bio, aadurrr, Hub, Bruhruto",-2.48,-0.092
Americas,NACL,2026,full year (per-game derived),Maryville University,146.11,5.218,19,9,28,0.6786,"Keii, Yuuji, Spirax, ScaryJerry, Obstinatus",108.0,3.857
Americas,NACL,2026,full year (per-game derived),NRG,123.8,4.421,17,11,28,0.6071,"Zamudo, Kisno, PhyMini, Sushee, Spica",97.56,3.484
Americas,NACL,2026,full year (per-game derived),Conviction,73.49,2.827,15,11,26,0.5769,"Sniper, Tomio, Insanity, Tactical, Bounty",53.0,2.038
Americas,NACL,2026,full year (per-game derived),Winthrop University,55.3,1.626,19,15,34,0.5588,"Denathor, Wilson, Zach, Mobility, Kim Down",39.54,1.163
Americas,NACL,2026,full year (per-game derived),Citadel Gaming,44.48,2.224,8,12,20,0.4,"Stray, Griffin, Bradley, Array, Keel",29.85,1.493
Americas,NACL,2026,full year (per-game derived),CCG Esports,41.1,1.644,17,8,25,0.68,"Fiji, Dardoch, Aojune, Cody Sun, Only35",47.76,1.91
Americas,NACL,2026,full year (per-game derived),Supernova,38.72,1.291,17,13,30,0.5667,"Horder, Music, shochi, Levitate, Zyko",47.63,1.588
Americas,NACL,2026,full year (per-game derived),Blue Otter,17.48,0.795,5,17,22,0.2273,"Ariana, Munchy, Samikin, Spawn, Rovex",28.13,1.279
Americas,NACL,2026,full year (per-game derived),Dorado Gaming,-23.25,-1.057,7,15,22,0.3182,"Dec0y, Lojaz, aadam, Hub, Redemption",-4.81,-0.219
Americas,NACL,2026,full year (per-game derived),Apex Mission Impossible,-52.99,-2.789,3,16,19,0.1579,"arbrio, Bio, Retrozing, Bazz, Protos",-12.49,-0.657
Pacific,LCP,2025,full year (per-game derived),CTBC Flying Oyster,117.35,1.504,60,18,78,0.7692,"Driver, JunJia, HongQ, Doggo, Kaiwing",107.31,1.376
Pacific,LCP,2025,full year (per-game derived),Team Secret Whales,110.83,1.539,41,31,72,0.5694,"Hiro02, Hizto, Dire, Eddie, Taki",102.55,1.424
Pacific,LCP,2025,full year (per-game derived),MVK Esports,87.61,1.153,43,33,76,0.5658,"Kratos, Gury, Kati, Shogun, SiuLoong",16.41,0.216
Pacific,LCP,2025,full year (per-game derived),PSG Talon,69.18,0.795,48,39,87,0.5517,"Azhi, Karsa, Maple, Betty, Woody",66.9,0.769
Pacific,LCP,2025,full year (per-game derived),GAM Esports,65.78,0.833,41,38,79,0.519,"Kiaya, Levi, Emo, Artemis, Elio",67.08,0.849
Pacific,LCP,2025,full year (per-game derived),DetonatioN FocusMe,56.76,1.071,14,39,53,0.2642,"RayFarky, Citrus, Aria, Kakkun, Harp",56.74,1.071
Pacific,LCP,2025,full year (per-game derived),Fukuoka SoftBank HAWKS gaming,42.66,0.79,17,37,54,0.3148,"Evi, Yohan, FATE, Marble, Gaeng",40.44,0.749
Pacific,LCP,2025,full year (per-game derived),Chiefs Esports Club,-27.45,-0.584,9,38,47,0.1915,"BioPanther, Whynot, JimieN, Slayder, Luon",-2.96,-0.063
Pacific,LCP,2026,full year (per-game derived),Team Secret Whales,141.51,3.011,38,9,47,0.8085,"Pun, Hizto, Dire, Eddie, Bie",115.75,2.463
Pacific,LCP,2026,full year (per-game derived),Deep Cross Gaming,84.95,1.49,32,25,57,0.5614,"Flauren, Pop9, HongSuo, Feng, ShiauC",79.39,1.393
Pacific,LCP,2026,full year (per-game derived),MVK Esports,65.79,1.53,22,21,43,0.5116,"Kratos, Gury, Seany, Harky, SiuLoong",64.05,1.49
Pacific,LCP,2026,full year (per-game derived),GAM Esports,54.06,1.423,22,16,38,0.5789,"Kiaya, Draktharr, Aress, Artemis, Taki",63.88,1.681
Pacific,LCP,2026,full year (per-game derived),Fukuoka SoftBank HAWKS gaming,39.71,0.764,25,27,52,0.4808,"Evi, Van1, Aria, Marble, Vsta",46.96,0.903
Pacific,LCP,2026,full year (per-game derived),CTBC Flying Oyster,9.16,0.208,18,26,44,0.4091,"Rest, Shad0w, Pout, Doggo, Kino",37.16,0.845
Pacific,LCP,2026,full year (per-game derived),Ground Zero Gaming,-7.09,-0.148,19,29,48,0.3958,"1Jiang, Husha, JimieN, Shunn, Orca",2.61,0.054
Pacific,LCP,2026,full year (per-game derived),DetonatioN FocusMe,-46.72,-1.416,5,28,33,0.1515,"Momo, Citrus, Fisher, Kakkun, Woody",-15.71,-0.476
